Código;Data do relatório;Espécie;Captura (Kg);Valor R$/Kg
1967320;02/03/2022;Sardinha-verdadeira;5.000,00;1,3
1790234;02/03/2022;Sardinha-verdadeira;46.756,00;3
1786734;02/03/2022;Sardinha-verdadeira;34.000,00;2,5
2143667;04/03/2022;Sardinha-verdadeira;42.000,00;4
1916667;04/03/2022;Sardinha-verdadeira;58.356,00;3,2
2143667;05/03/2022;Sardinha-verdadeira;20.000,00;4
1967320;05/03/2022;Sardinha-verdadeira;30.000,00;1,3
1967320;05/03/2022;Sardinha-verdadeira;65.000,00;1,3
1916667;05/03/2022;Sardinha-verdadeira;135.458,00;3,2
1916667;05/03/2022;Sardinha-verdadeira;64.275,00;3,2
1790234;05/03/2022;Sardinha-verdadeira;27.838,00;3,5
1790234;05/03/2022;Sardinha-verdadeira;130.814,00;3
1786734;05/03/2022;Sardinha-verdadeira;60.000,00;3
1786734;06/03/2022;Sardinha-verdadeira;145.000,00;3,2
1967320;08/03/2022;Sardinha-verdadeira;83.000,00;1,3
1967320;08/03/2022;Sardinha-verdadeira;4.000,00;1,3
1786734;08/03/2022;Sardinha-verdadeira;175.000,00;3,2
1786734;09/03/2022;Sardinha-verdadeira;140.000,00;3,2
1786734;09/03/2022;Sardinha-verdadeira;120.000,00;3
1786734;09/03/2022;Sardinha-verdadeira;43.000,00;3
1786734;10/03/2022;Sardinha-verdadeira;110.000,00;3,2
1786734;26/03/2022;Sardinha-verdadeira;80.000,00;3,2
1786734;26/03/2022;Sardinha-verdadeira;120.000,00;3,2
1967320;27/03/2022;Sardinha-verdadeira;65.000,00;1,3
1967320;27/03/2022;Sardinha-verdadeira;48.000,00;1,3
1916667;27/03/2022;Sardinha-verdadeira;142.988,00;3,2
1790234;27/03/2022;Sardinha-verdadeira;66.354,00;3,5
1790234;27/03/2022;Sardinha-verdadeira;153.528,00;3,2
1786734;27/03/2022;Sardinha-verdadeira;145.000,00;3,2
2143667;28/03/2022;Sardinha-verdadeira;60.000,00;4
1916667;28/03/2022;Sardinha-verdadeira;158.048,00;3,2
1786734;28/03/2022;Sardinha-verdadeira;198.000,00;3,4
1786734;28/03/2022;Sardinha-verdadeira;38.000,00;3,2
1967320;29/03/2022;Sardinha-verdadeira;50.000,00;1,3
1916667;29/03/2022;Sardinha-verdadeira;139.981,00;3,2
1786734;30/03/2022;Sardinha-verdadeira;190.000,00;3,4
1786734;31/03/2022;Sardinha-verdadeira;110.000,00;3,2
2094630;06/04/2022;Sardinha-verdadeira;35.000,00;1,3
2094630;06/04/2022;Sardinha-verdadeira;24.000,00;1,3
2094630;07/04/2022;Sardinha-verdadeira;20.000,00;1,3
2094630;10/04/2022;Sardinha-verdadeira;30.000,00;1,3
1983557;11/04/2022;Sardinha-verdadeira;69.552,00;3,2
1983557;12/04/2022;Sardinha-verdadeira;57.265,00;3,2
1937888;12/04/2022;Sardinha-verdadeira;120.000,00;3,4
1937888;12/04/2022;Sardinha-verdadeira;80.000,00;3,4
1983557;13/04/2022;Sardinha-verdadeira;81.344,00;3,2
1937888;13/04/2022;Sardinha-verdadeira;190.000,00;3,4
1937888;13/04/2022;Sardinha-verdadeira;120.000,00;3,2
1937888;13/04/2022;Sardinha-verdadeira;80.000,00;3,2
2094630;20/04/2022;Sardinha-verdadeira;7.000,00;1,3
2094630;22/04/2022;Sardinha-verdadeira;23.000,00;1,3
1937888;23/04/2022;Sardinha-verdadeira;200.000,00;3,4
2094630;25/04/2022;Sardinha-verdadeira;20.000,00;1,3
1983557;25/04/2022;Sardinha-verdadeira;22.512,00;3
1983557;25/04/2022;Sardinha-verdadeira;123.399,00;3
2094630;26/04/2022;Sardinha-verdadeira;4.000,00;1,3
1937888;26/04/2022;Sardinha-verdadeira;140.000,00;3,2
1983557;27/04/2022;Sardinha-verdadeira;22.512,00;3
1983557;27/04/2022;Sardinha-verdadeira;22.512,00;3
1983557;27/04/2022;Sardinha-verdadeira;401;3
1983557;27/04/2022;Sardinha-verdadeira;147.763,00;3
1937888;27/04/2022;Sardinha-verdadeira;150.000,00;3,2
1925902;27/04/2022;Sardinha-verdadeira;89.140,00;3,2
2094630;29/04/2022;Sardinha-verdadeira;23.000,00;1,3
2094630;30/04/2022;Sardinha-verdadeira;20.000,00;1,3
2205585;04/05/2022;Sardinha-verdadeira;82.000,00;1,2
2052949;04/05/2022;Sardinha-verdadeira;100.000,00;3,2
2205585;05/05/2022;Sardinha-verdadeira;7.000,00;1,2
2052949;06/05/2022;Sardinha-verdadeira;100.000,00;3,2
2135762;07/05/2022;Sardinha-verdadeira;180.147,00;3,2
2052949;07/05/2022;Sardinha-verdadeira;200.000,00;3,4
2052949;07/05/2022;Sardinha-verdadeira;215.000,00;3,4
2205585;09/05/2022;Sardinha-verdadeira;5.000,00;1,2
2205585;09/05/2022;Sardinha-verdadeira;20.000,00;1,2
2052949;09/05/2022;Sardinha-verdadeira;220.000,00;3,4
2052949;11/05/2022;Sardinha-verdadeira;56.000,00;3,2
2205585;12/05/2022;Sardinha-verdadeira;55.000,00;1,2
2135762;12/05/2022;Sardinha-verdadeira;34.209,00;3,2
2052949;13/05/2022;Sardinha-verdadeira;180.000,00;3,2
2080815;15/05/2022;Sardinha-verdadeira;106.079,00;3,2
2142992;16/05/2022;Sardinha-verdadeira;43.200,00;3,4
2135762;16/05/2022;Sardinha-verdadeira;144.311,00;3,2
2080815;16/05/2022;Sardinha-verdadeira;61.140,00;3,2
2080815;16/05/2022;Sardinha-verdadeira;26.640,00;3,4
2142992;17/05/2022;Sardinha-verdadeira;20.610,00;3,4
2205585;21/05/2022;Sardinha-verdadeira;23.000,00;1,2
2052949;22/05/2022;Sardinha-verdadeira;140.000,00;3,2
2142992;25/05/2022;Sardinha-verdadeira;40;3,4
2142992;26/05/2022;Sardinha-verdadeira;13.000,00;3,4
2080815;27/05/2022;Sardinha-verdadeira;5.100,00;3,8
2080815;27/05/2022;Sardinha-verdadeira;29.880,00;3,87
2080815;28/05/2022;Sardinha-verdadeira;25.101,00;3,5
2080815;28/05/2022;Sardinha-verdadeira;240;3,2
2052949;28/05/2022;Sardinha-verdadeira;20.000,00;3,4
2080815;30/05/2022;Sardinha-verdadeira;23.787,00;3,4
2205585;31/05/2022;Sardinha-verdadeira;33.000,00;1,2
2347104;01/06/2022;Sardinha-verdadeira;35.000,00;1,2
2319040;01/06/2022;Sardinha-verdadeira;16.907,00;1
2202088;01/06/2022;Sardinha-verdadeira;5.000,00;3,2
2347104;02/06/2022;Sardinha-verdadeira;5.000,00;1,2
2255842;02/06/2022;Sardinha-verdadeira;7.000,00;4
2255842;02/06/2022;Sardinha-verdadeira;593;4
2202088;02/06/2022;Sardinha-verdadeira;9.240,00;3,5
2202088;04/06/2022;Sardinha-verdadeira;4.850,00;3,2
2202088;07/06/2022;Sardinha-verdadeira;12.000,00;3,5
2202088;07/06/2022;Sardinha-verdadeira;5.000,00;3,5
2202088;08/06/2022;Sardinha-verdadeira;26.000,00;3,5
2168132;08/06/2022;Sardinha-verdadeira;80;3,5
2157478;08/06/2022;Sardinha-verdadeira;36.000,00;3,5
2157478;08/06/2022;Sardinha-verdadeira;50.000,00;3,2
2202088;09/06/2022;Sardinha-verdadeira;10.000,00;3,5
2347104;10/06/2022;Sardinha-verdadeira;15.000,00;1,2
2272362;10/06/2022;Sardinha-verdadeira;30.287,00;3,5
2202088;10/06/2022;Sardinha-verdadeira;1.000,00;3,5
2168132;10/06/2022;Sardinha-verdadeira;23.620,00;4,2
2157478;11/06/2022;Sardinha-verdadeira;25.000,00;3,2
2347104;12/06/2022;Sardinha-verdadeira;10.000,00;1,2
2347104;13/06/2022;Sardinha-verdadeira;22.000,00;1,2
2272362;13/06/2022;Sardinha-verdadeira;2.289,00;3,2
2168132;13/06/2022;Sardinha-verdadeira;30.635,00;3,2
2272362;14/06/2022;Sardinha-verdadeira;25.188,00;3,2
2347104;17/06/2022;Sardinha-verdadeira;38.000,00;1,2
2319040;17/06/2022;Sardinha-verdadeira;42.900,00;1
2202088;17/06/2022;Sardinha-verdadeira;16.820,00;3,5
2168132;17/06/2022;Sardinha-verdadeira;60;3,5
2347104;18/06/2022;Sardinha-verdadeira;90.000,00;1,2
2157478;19/06/2022;Sardinha-verdadeira;210.000,00;3,4
2319040;20/06/2022;Sardinha-verdadeira;39.297,00;1
2168132;20/06/2022;Sardinha-verdadeira;2.760,00;3,5
2319040;22/06/2022;Sardinha-verdadeira;8.457,00;1
2272362;22/06/2022;Sardinha-verdadeira;18.625,00;3,2
2202088;22/06/2022;Sardinha-verdadeira;8.000,00;3,5
2347104;23/06/2022;Sardinha-verdadeira;35.000,00;1,2
2272362;23/06/2022;Sardinha-verdadeira;146.490,00;3,2
2202088;23/06/2022;Sardinha-verdadeira;1.500,00;3,5
2168132;23/06/2022;Sardinha-verdadeira;7.220,00;3,2
2168132;23/06/2022;Sardinha-verdadeira;5.248,00;3,8
2157478;23/06/2022;Sardinha-verdadeira;197.000,00;3,4
2157478;24/06/2022;Sardinha-verdadeira;180.000,00;3,4
2319040;25/06/2022;Sardinha-verdadeira;4.940,00;1
2202088;25/06/2022;Sardinha-verdadeira;2.100,00;3,8
2202088;28/06/2022;Sardinha-verdadeira;24.000,00;4
2168132;28/06/2022;Sardinha-verdadeira;17.960,00;4
2157478;28/06/2022;Sardinha-verdadeira;45.000,00;3,75
2319040;29/06/2022;Sardinha-verdadeira;34.920,00;1
2157478;29/06/2022;Sardinha-verdadeira;50.000,00;3,2
2157478;29/06/2022;Sardinha-verdadeira;23.000,00;3,4
2168132;30/06/2022;Sardinha-verdadeira;8.178,00;3,4
2321243;01/07/2022;Sardinha-verdadeira;9.160,00;1
2305863;01/07/2022;Sardinha-verdadeira;10.000,00;4
2278134;01/07/2022;Sardinha-verdadeira;58;3,4
2278134;01/07/2022;Sardinha-verdadeira;280;3,5
2252051;01/07/2022;Sardinha-verdadeira;7.000,00;3,5
2252051;01/07/2022;Sardinha-verdadeira;18.000,00;3,5
2321243;03/07/2022;Sardinha-verdadeira;40.411,00;1,5
2321243;04/07/2022;Sardinha-verdadeira;12.580,00;3,7
2305863;04/07/2022;Sardinha-verdadeira;33.000,00;1,1
2305863;04/07/2022;Sardinha-verdadeira;7.000,00;1,1
2278134;05/07/2022;Sardinha-verdadeira;4.578,00;3,5
2278134;05/07/2022;Sardinha-verdadeira;74.040,00;4,2
2278134;05/07/2022;Sardinha-verdadeira;28.417,00;3,5
2252051;05/07/2022;Sardinha-verdadeira;60.000,00;3,4
2346831;06/07/2022;Sardinha-verdadeira;101.672,00;3,2
2321243;06/07/2022;Sardinha-verdadeira;45.992,00;1
2252051;06/07/2022;Sardinha-verdadeira;50.000,00;3,2
2346831;08/07/2022;Sardinha-verdadeira;5.871,00;3,2
2305863;08/07/2022;Sardinha-verdadeira;4.000,00;1,1
2278134;08/07/2022;Sardinha-verdadeira;11.040,00;3,5
2252051;08/07/2022;Sardinha-verdadeira;20.000,00;3,2
2321243;09/07/2022;Sardinha-verdadeira;40.000,00;1,5
2305863;09/07/2022;Sardinha-verdadeira;15.000,00;1,1
2252051;09/07/2022;Sardinha-verdadeira;19.000,00;3,2
2346831;11/07/2022;Sardinha-verdadeira;64.001,00;3,5
2346831;11/07/2022;Sardinha-verdadeira;22.042,00;3,2
2305863;11/07/2022;Sardinha-verdadeira;4.000,00;1,1
2305863;11/07/2022;Sardinha-verdadeira;18.000,00;1,1
2278134;11/07/2022;Sardinha-verdadeira;44.366,00;3,2
2252051;11/07/2022;Sardinha-verdadeira;30.000,00;3,2
2252051;11/07/2022;Sardinha-verdadeira;69.000,00;3,4
2252051;11/07/2022;Sardinha-verdadeira;75.000,00;3,2
2346831;12/07/2022;Sardinha-verdadeira;109.485,00;3,2
2252051;13/07/2022;Sardinha-verdadeira;125.000,00;3,2
2346831;15/07/2022;Sardinha-verdadeira;21.000,00;3,2
2305863;15/07/2022;Sardinha-verdadeira;5.000,00;1,1
2305863;15/07/2022;Sardinha-verdadeira;17.000,00;1,1
2278134;15/07/2022;Sardinha-verdadeira;20.540,00;3,8
2252051;15/07/2022;Sardinha-verdadeira;70.000,00;3,2
2346831;16/07/2022;Sardinha-verdadeira;18.168,00;3,2
2278134;16/07/2022;Sardinha-verdadeira;23.080,00;3,8
2278134;18/07/2022;Sardinha-verdadeira;120;3,5
2252051;18/07/2022;Sardinha-verdadeira;16.000,00;3,2
2252051;18/07/2022;Sardinha-verdadeira;35.000,00;3,2
2346831;19/07/2022;Sardinha-verdadeira;80.784,00;3,2
2346831;20/07/2022;Sardinha-verdadeira;70.974,00;3,2
2305863;20/07/2022;Sardinha-verdadeira;3.000,00;1,1
2252051;21/07/2022;Sardinha-verdadeira;50.000,00;3,2
2252051;21/07/2022;Sardinha-verdadeira;65.000,00;3,4
2252051;21/07/2022;Sardinha-verdadeira;140.000,00;3,4
2321243;22/07/2022;Sardinha-verdadeira;2.720,00;1
2321243;22/07/2022;Sardinha-verdadeira;3.560,00;3,2
2252051;22/07/2022;Sardinha-verdadeira;7.000,00;3,2
2305863;23/07/2022;Sardinha-verdadeira;5.500,00;1,1
2278134;23/07/2022;Sardinha-verdadeira;58;3,5
2305863;25/07/2022;Sardinha-verdadeira;7.000,00;1,1
2305863;25/07/2022;Sardinha-verdadeira;40.000,00;1,1
2278134;25/07/2022;Sardinha-verdadeira;12.520,00;3,8
2278134;25/07/2022;Sardinha-verdadeira;2.160,00;3,4
2278134;26/07/2022;Sardinha-verdadeira;702;3,8
2321243;27/07/2022;Sardinha-verdadeira;5.960,00;1
2305863;28/07/2022;Sardinha-verdadeira;6.000,00;1,1
2305863;28/07/2022;Sardinha-verdadeira;7.000,00;1,1
2252051;28/07/2022;Sardinha-verdadeira;20.000,00;3,4
2252051;28/07/2022;Sardinha-verdadeira;9.000,00;3,4
2341741;02/08/2022;Sardinha-verdadeira;14.560,00;3,8
2424657;03/08/2022;Sardinha-verdadeira;1.618,00;1,2
2438893;04/08/2022;Sardinha-verdadeira;3.000,00;4,8
2426268;04/08/2022;Sardinha-verdadeira;80.784,00;3,2
2424657;04/08/2022;Sardinha-verdadeira;200;3,6
2341741;04/08/2022;Sardinha-verdadeira;18.740,00;4
2336092;04/08/2022;Sardinha-verdadeira;30.000,00;3,4
2438893;05/08/2022;Sardinha-verdadeira;3.000,00;4,8
2385045;05/08/2022;Sardinha-verdadeira;13.000,00;1,2
2336092;05/08/2022;Sardinha-verdadeira;50.000,00;3,4
2426268;08/08/2022;Sardinha-verdadeira;8.550,00;3,2
2385045;08/08/2022;Sardinha-verdadeira;12.000,00;1,2
2336092;08/08/2022;Sardinha-verdadeira;7.000,00;3,2
2336092;08/08/2022;Sardinha-verdadeira;4.000,00;3,4
2336092;08/08/2022;Sardinha-verdadeira;16.000,00;3,4
2385045;09/08/2022;Sardinha-verdadeira;2.000,00;1,2
2438893;15/08/2022;Sardinha-verdadeira;9.000,00;4,8
2438893;15/08/2022;Sardinha-verdadeira;7.500,00;4,8
2426268;15/08/2022;Sardinha-verdadeira;20.703,00;3,2
2385045;15/08/2022;Sardinha-verdadeira;12.000,00;1,2
2336092;15/08/2022;Sardinha-verdadeira;25.000,00;3,4
2336092;15/08/2022;Sardinha-verdadeira;50.000,00;3,4
2438893;16/08/2022;Sardinha-verdadeira;1.500,00;4,8
2385045;18/08/2022;Sardinha-verdadeira;9.000,00;1,2
2424657;22/08/2022;Sardinha-verdadeira;24.195,00;1
2385045;22/08/2022;Sardinha-verdadeira;63.000,00;1,2
2341741;22/08/2022;Sardinha-verdadeira;6.841,00;4
2415692;23/08/2022;Sardinha-verdadeira;17.820,00;3,8
2385045;23/08/2022;Sardinha-verdadeira;40.000,00;1,2
2336092;23/08/2022;Sardinha-verdadeira;90.000,00;3,4
2438893;24/08/2022;Sardinha-verdadeira;4.200,00;3
2424657;24/08/2022;Sardinha-verdadeira;44.300,00;1
2385045;25/08/2022;Sardinha-verdadeira;4.000,00;1,2
2385045;26/08/2022;Sardinha-verdadeira;5.000,00;1,2
2424657;27/08/2022;Sardinha-verdadeira;7.678,00;1
2385045;27/08/2022;Sardinha-verdadeira;14.000,00;1,2
2385045;27/08/2022;Sardinha-verdadeira;49.000,00;1,2
2336092;27/08/2022;Sardinha-verdadeira;100.000,00;3,4
2336092;27/08/2022;Sardinha-verdadeira;28.000,00;3,4
2385045;28/08/2022;Sardinha-verdadeira;1.000,00;1,2
2385045;28/08/2022;Sardinha-verdadeira;15.000,00;1,2
2438893;29/08/2022;Sardinha-verdadeira;4.000,00;4,8
2426268;29/08/2022;Sardinha-verdadeira;34.390,00;3,2
2491065;02/09/2022;Sardinha-verdadeira;2.000,00;4,8
2426758;06/09/2022;Sardinha-verdadeira;3.200,00;1
2415550;06/09/2022;Sardinha-verdadeira;10.676,00;4,2
2491065;09/09/2022;Sardinha-verdadeira;1.000,00;4,8
2491065;13/09/2022;Sardinha-verdadeira;5.500,00;4,8
2426758;13/09/2022;Sardinha-verdadeira;8.690,00;4
2426758;13/09/2022;Sardinha-verdadeira;9.820,00;1
2426758;18/09/2022;Sardinha-verdadeira;4.900,00;1
2491065;19/09/2022;Sardinha-verdadeira;7.000,00;4,8
2449380;19/09/2022;Sardinha-verdadeira;23.000,00;3,4
2426758;20/09/2022;Sardinha-verdadeira;12.366,00;4,2
2426758;22/09/2022;Sardinha-verdadeira;73.202,00;1
2415550;22/09/2022;Sardinha-verdadeira;8.620,00;4,2
2426758;25/09/2022;Sardinha-verdadeira;16.200,00;1
2491065;26/09/2022;Sardinha-verdadeira;19.000,00;4,8
2491065;27/09/2022;Sardinha-verdadeira;10.000,00;4,8
2449380;27/09/2022;Sardinha-verdadeira;30.000,00;3,6
2426758;27/09/2022;Sardinha-verdadeira;13.780,00;1
2610725;01/10/2022;Sardinha-verdadeira;7.434,00;1
2501240;01/10/2022;Sardinha-verdadeira;30.000,00;3,6
2493041;01/10/2022;Sardinha-verdadeira;16.940,00;5
2493041;01/10/2022;Sardinha-verdadeira;2.500,00;5
2501240;02/10/2022;Sardinha-verdadeira;10.000,00;3,6
3506177;16/03/2023;Sardinha-verdadeira;70.000,00;1,1
3506177;21/03/2023;Sardinha-verdadeira;52.000,00;1,1
3506177;21/03/2023;Sardinha-verdadeira;31.000,00;1,1
3014775;21/03/2023;Sardinha-verdadeira;40.000,00;2,6
2894946;21/03/2023;Sardinha-verdadeira;48.860,00;3,8
5431719;22/03/2023;Sardinha-verdadeira;70.000,00;1,8
3311886;22/03/2023;Sardinha-verdadeira;158.151,00;2,6
3046153;22/03/2023;Sardinha-verdadeira;12.565,00;3,6
3015853;22/03/2023;Sardinha-verdadeira;200.000,00;2,8
3015853;22/03/2023;Sardinha-verdadeira;200.000,00;2,8
3014775;22/03/2023;Sardinha-verdadeira;38.000,00;2,6
2894946;22/03/2023;Sardinha-verdadeira;25.714,00;3,8
3311886;23/03/2023;Sardinha-verdadeira;152.977,00;2,6
3046153;23/03/2023;Sardinha-verdadeira;16.820,00;3,5
3015853;23/03/2023;Sardinha-verdadeira;200.000,00;2,8
3014775;23/03/2023;Sardinha-verdadeira;12.000,00;2,6
3015853;24/03/2023;Sardinha-verdadeira;60.000,00;2,6
5431719;25/03/2023;Sardinha-verdadeira;86.700,00;1,5
3311886;25/03/2023;Sardinha-verdadeira;63.473,00;2,6
3015853;25/03/2023;Sardinha-verdadeira;90.000,00;2,6
5431719;26/03/2023;Sardinha-verdadeira;72.000,00;1,5
3506177;26/03/2023;Sardinha-verdadeira;19.000,00;1,1
3506177;26/03/2023;Sardinha-verdadeira;135.000,00;1,1
3506177;26/03/2023;Sardinha-verdadeira;180.000,00;1,1
3506177;26/03/2023;Sardinha-verdadeira;40.000,00;1,1
2894946;26/03/2023;Sardinha-verdadeira;30.805,00;2,8
3015853;27/03/2023;Sardinha-verdadeira;140.000,00;2,6
3014775;27/03/2023;Sardinha-verdadeira;25.000,00;2,6
3014775;27/03/2023;Sardinha-verdadeira;30.000,00;2,6
3014775;27/03/2023;Sardinha-verdadeira;8.000,00;2,6
2894946;27/03/2023;Sardinha-verdadeira;120.000,00;2,6
5431719;28/03/2023;Sardinha-verdadeira;33.220,00;1,5
3506177;28/03/2023;Sardinha-verdadeira;8.000,00;1,1
3506177;28/03/2023;Sardinha-verdadeira;40.000,00;1,1
3015853;28/03/2023;Sardinha-verdadeira;145.000,00;2,6
2894946;28/03/2023;Sardinha-verdadeira;16.513,00;2,7
3311886;29/03/2023;Sardinha-verdadeira;78.498,00;2,6
3311886;29/03/2023;Sardinha-verdadeira;27.560,00;2,6
3015853;29/03/2023;Sardinha-verdadeira;105.000,00;2,6
2894946;29/03/2023;Sardinha-verdadeira;9.365,00;2,7
2894946;29/03/2023;Sardinha-verdadeira;35.211,00;2,6
3311886;30/03/2023;Sardinha-verdadeira;15.037,00;2,6
3311886;30/03/2023;Sardinha-verdadeira;8.407,00;2,6
3046153;30/03/2023;Sardinha-verdadeira;18.640,00;2,8
3014775;30/03/2023;Sardinha-verdadeira;17.000,00;2,6
5431719;31/03/2023;Sardinha-verdadeira;28.370,00;1,5
3015853;31/03/2023;Sardinha-verdadeira;68.000,00;2,6
3014775;31/03/2023;Sardinha-verdadeira;21.000,00;2,6
3014775;31/03/2023;Sardinha-verdadeira;8.000,00;2,6
2894946;31/03/2023;Sardinha-verdadeira;80.180,00;2
5448264;01/04/2023;Sardinha-verdadeira;13.000,00;2
3041604;01/04/2023;Sardinha-verdadeira;190.000,00;2,8
3169921;03/04/2023;Sardinha-verdadeira;35.000,00;2,6
5448264;04/04/2023;Sardinha-verdadeira;26.000,00;1,5
3133868;04/04/2023;Sardinha-verdadeira;21.360,00;2,6
3041604;05/04/2023;Sardinha-verdadeira;190.000,00;2,8
3334268;06/04/2023;Sardinha-verdadeira;34.276,00;2,6
3169921;06/04/2023;Sardinha-verdadeira;5.800,00;2,6
3169921;06/04/2023;Sardinha-verdadeira;2.000,00;2,6
3133868;06/04/2023;Sardinha-verdadeira;22.860,00;2,6
3041604;07/04/2023;Sardinha-verdadeira;108.000,00;2,6
3334268;10/04/2023;Sardinha-verdadeira;21.647,00;2,6
3334268;10/04/2023;Sardinha-verdadeira;77.339,00;2,6
3041604;10/04/2023;Sardinha-verdadeira;150.000,00;2,8
5448264;11/04/2023;Sardinha-verdadeira;36.800,00;1,5
3169921;11/04/2023;Sardinha-verdadeira;27.000,00;2,6
3041604;11/04/2023;Sardinha-verdadeira;130.000,00;2,6
5448264;12/04/2023;Sardinha-verdadeira;19.623,00;2,6
3169921;12/04/2023;Sardinha-verdadeira;20.000,00;2,6
3169921;12/04/2023;Sardinha-verdadeira;40.000,00;2,6
5448264;13/04/2023;Sardinha-verdadeira;79.500,00;1,5
3334268;13/04/2023;Sardinha-verdadeira;135.204,00;2,6
3169921;13/04/2023;Sardinha-verdadeira;24.000,00;2,6
3041604;13/04/2023;Sardinha-verdadeira;106.000,00;2,6
3041604;13/04/2023;Sardinha-verdadeira;90.000,00;2,8
3169921;14/04/2023;Sardinha-verdadeira;35.000,00;2,6
3133868;14/04/2023;Sardinha-verdadeira;37.992,00;3,9
3041604;14/04/2023;Sardinha-verdadeira;14.000,00;2,6
3334268;15/04/2023;Sardinha-verdadeira;70.162,00;2,6
3169921;15/04/2023;Sardinha-verdadeira;29.000,00;2,6
3041604;15/04/2023;Sardinha-verdadeira;50.000,00;2,6
3041604;17/04/2023;Sardinha-verdadeira;120.000,00;2,8
3169921;18/04/2023;Sardinha-verdadeira;8.000,00;2,6
3169921;18/04/2023;Sardinha-verdadeira;10.000,00;2,6
3041604;18/04/2023;Sardinha-verdadeira;70.000,00;2,6
5448264;19/04/2023;Sardinha-verdadeira;10.000,00;1,5
3334268;19/04/2023;Sardinha-verdadeira;23.068,00;2,6
3169921;19/04/2023;Sardinha-verdadeira;40.000,00;2,6
3169921;19/04/2023;Sardinha-verdadeira;18.000,00;2,6
3041604;19/04/2023;Sardinha-verdadeira;116.000,00;2,8
3041604;19/04/2023;Sardinha-verdadeira;135.000,00;2,8
3133868;23/04/2023;Sardinha-verdadeira;93.820,00;2,6
3041604;23/04/2023;Sardinha-verdadeira;160.000,00;2,6
5448264;24/04/2023;Sardinha-verdadeira;84.800,00;1,5
3169921;24/04/2023;Sardinha-verdadeira;77.000,00;2,6
3169921;24/04/2023;Sardinha-verdadeira;59.000,00;2,6
3169921;25/04/2023;Sardinha-verdadeira;35.000,00;2,6
3334268;26/04/2023;Sardinha-verdadeira;146.743,00;2,6
3133868;26/04/2023;Sardinha-verdadeira;90.660,00;2,6
3133868;27/04/2023;Sardinha-verdadeira;40;2,6
3169921;30/04/2023;Sardinha-verdadeira;85.000,00;2,6
3169921;30/04/2023;Sardinha-verdadeira;50.000,00;2,6
3133868;30/04/2023;Sardinha-verdadeira;93.630,00;2,6
3298221;01/05/2023;Sardinha-verdadeira;48.000,00;2
3250951;01/05/2023;Sardinha-verdadeira;200.000,00;2,8
5466651;03/05/2023;Sardinha-verdadeira;57.100,00;1,5
3482375;03/05/2023;Sardinha-verdadeira;55.000,00;1,2
3482375;03/05/2023;Sardinha-verdadeira;178.000,00;1,2
3482375;03/05/2023;Sardinha-verdadeira;180.000,00;1,2
3298221;03/05/2023;Sardinha-verdadeira;60.000,00;2
3250951;03/05/2023;Sardinha-verdadeira;200.000,00;2,8
3250951;03/05/2023;Sardinha-verdadeira;200.000,00;2,8
3159171;03/05/2023;Sardinha-verdadeira;103.230,00;2,6
5466651;04/05/2023;Sardinha-verdadeira;9.953,00;1,5
3298221;04/05/2023;Sardinha-verdadeira;7.000,00;2
3298221;05/05/2023;Sardinha-verdadeira;40.000,00;2
5466651;06/05/2023;Sardinha-verdadeira;96.525,00;1,5
3336751;06/05/2023;Sardinha-verdadeira;144.492,00;2,6
3298221;06/05/2023;Sardinha-verdadeira;5.000,00;2
3250951;06/05/2023;Sardinha-verdadeira;140.000,00;2,6
3482375;07/05/2023;Sardinha-verdadeira;12.000,00;1,2
3298221;08/05/2023;Sardinha-verdadeira;21.000,00;2
3250951;08/05/2023;Sardinha-verdadeira;100.000,00;2,6
3250951;08/05/2023;Sardinha-verdadeira;200.000,00;2,8
3336751;09/05/2023;Sardinha-verdadeira;155.429,00;2,6
3250951;09/05/2023;Sardinha-verdadeira;200.000,00;2,8
3250951;09/05/2023;Sardinha-verdadeira;180.000,00;2,8
5466651;10/05/2023;Sardinha-verdadeira;100;1,5
3159171;10/05/2023;Sardinha-verdadeira;952;2,2
3482375;11/05/2023;Sardinha-verdadeira;173.000,00;1,2
3482375;11/05/2023;Sardinha-verdadeira;25.000,00;1,2
3482375;11/05/2023;Sardinha-verdadeira;162.000,00;1,2
3250951;12/05/2023;Sardinha-verdadeira;130.000,00;2,6
3250951;12/05/2023;Sardinha-verdadeira;150.000,00;2,6
3482375;14/05/2023;Sardinha-verdadeira;60.000,00;1,2
3250951;14/05/2023;Sardinha-verdadeira;115.000,00;2,6
3159171;14/05/2023;Sardinha-verdadeira;82.950,00;1,8
5466651;15/05/2023;Sardinha-verdadeira;58.770,00;1,5
3482375;15/05/2023;Sardinha-verdadeira;177.000,00;1,2
3250951;15/05/2023;Sardinha-verdadeira;140.000,00;2,6
5466651;16/05/2023;Sardinha-verdadeira;88.540,00;1,5
3298221;16/05/2023;Sardinha-verdadeira;30.000,00;2
3298221;16/05/2023;Sardinha-verdadeira;5.000,00;2
3250951;16/05/2023;Sardinha-verdadeira;200.000,00;2,8
3159171;17/05/2023;Sardinha-verdadeira;51.780,00;2,6
5466651;18/05/2023;Sardinha-verdadeira;55.540,00;1,5
3336751;18/05/2023;Sardinha-verdadeira;167.860,00;2,6
3298221;18/05/2023;Sardinha-verdadeira;80.000,00;2
3250951;18/05/2023;Sardinha-verdadeira;190.000,00;2,8
3250951;19/05/2023;Sardinha-verdadeira;220.000,00;2,8
3159171;19/05/2023;Sardinha-verdadeira;100.140,00;2,6
3298221;20/05/2023;Sardinha-verdadeira;50.000,00;2
3250951;20/05/2023;Sardinha-verdadeira;130.000,00;2,6
3159171;21/05/2023;Sardinha-verdadeira;105.046,00;2,4
5466651;22/05/2023;Sardinha-verdadeira;40.986,00;1,5
3482375;22/05/2023;Sardinha-verdadeira;161.000,00;1,2
3298221;22/05/2023;Sardinha-verdadeira;60.000,00;2
3250951;22/05/2023;Sardinha-verdadeira;200.000,00;2,8
3250951;22/05/2023;Sardinha-verdadeira;160.000,00;2,5
5466651;23/05/2023;Sardinha-verdadeira;17.490,00;1,5
3336751;23/05/2023;Sardinha-verdadeira;153.488,00;2,6
3482375;24/05/2023;Sardinha-verdadeira;36.000,00;1,2
3250951;24/05/2023;Sardinha-verdadeira;180.000,00;2,5
3250951;25/05/2023;Sardinha-verdadeira;140.000,00;2,5
5466651;26/05/2023;Sardinha-verdadeira;2.478,00;1,5
3250951;26/05/2023;Sardinha-verdadeira;68.000,00;2,7
5466651;30/05/2023;Sardinha-verdadeira;1.850,00;1,5
3298221;30/05/2023;Sardinha-verdadeira;10.000,00;2
3298221;30/05/2023;Sardinha-verdadeira;25.000,00;2
3250951;30/05/2023;Sardinha-verdadeira;16.000,00;2,5
3250951;30/05/2023;Sardinha-verdadeira;45.000,00;2,5
3250951;31/05/2023;Sardinha-verdadeira;34.000,00;2,5
3515135;01/06/2023;Sardinha-verdadeira;38.188,00;2
3306836;01/06/2023;Sardinha-verdadeira;49.000,00;2
3262558;01/06/2023;Sardinha-verdadeira;180.000,00;2,8
5467319;02/06/2023;Sardinha-verdadeira;42.520,00;1,5
3515135;02/06/2023;Sardinha-verdadeira;35.595,00;2,6
3306836;02/06/2023;Sardinha-verdadeira;18.000,00;2
3404869;03/06/2023;Sardinha-verdadeira;10.000,00;1,1
3306836;03/06/2023;Sardinha-verdadeira;10.000,00;2
3262558;03/06/2023;Sardinha-verdadeira;115.000,00;2,5
5467319;05/06/2023;Sardinha-verdadeira;22.015,00;1,7
3515135;05/06/2023;Sardinha-verdadeira;21.691,00;2,6
3404869;05/06/2023;Sardinha-verdadeira;8.000,00;1,1
3262558;05/06/2023;Sardinha-verdadeira;180.000,00;2,8
3306836;06/06/2023;Sardinha-verdadeira;29.000,00;2
3262558;06/06/2023;Sardinha-verdadeira;159.000,00;2,5
3515135;07/06/2023;Sardinha-verdadeira;150.298,00;2,6
3404869;07/06/2023;Sardinha-verdadeira;136.000,00;1,1
3306836;07/06/2023;Sardinha-verdadeira;17.000,00;2
3262558;07/06/2023;Sardinha-verdadeira;200.000,00;2,7
5467319;09/06/2023;Sardinha-verdadeira;7.875,00;1,5
5467319;10/06/2023;Sardinha-verdadeira;8.567,00;1,5
3262558;10/06/2023;Sardinha-verdadeira;140.000,00;2,5
3262558;10/06/2023;Sardinha-verdadeira;50.000,00;2,5
3404869;11/06/2023;Sardinha-verdadeira;135.000,00;1,1
3404869;11/06/2023;Sardinha-verdadeira;5.000,00;1,1
3262558;12/06/2023;Sardinha-verdadeira;190.000,00;2,7
3262558;12/06/2023;Sardinha-verdadeira;80.000,00;2,5
3515135;14/06/2023;Sardinha-verdadeira;177.391,00;2,6
3262558;14/06/2023;Sardinha-verdadeira;45.000,00;2,7
3262558;14/06/2023;Sardinha-verdadeira;80.000,00;2,7
3515135;15/06/2023;Sardinha-verdadeira;66.404,00;2,6
3262558;15/06/2023;Sardinha-verdadeira;55.000,00;2,5
3306836;19/06/2023;Sardinha-verdadeira;18.000,00;2
3262558;19/06/2023;Sardinha-verdadeira;30.000,00;2,5
5467319;21/06/2023;Sardinha-verdadeira;86.090,00;1,5
3515135;21/06/2023;Sardinha-verdadeira;54.623,00;2,6
3306836;21/06/2023;Sardinha-verdadeira;14.000,00;2
3262558;21/06/2023;Sardinha-verdadeira;52.000,00;2,5
3262558;21/06/2023;Sardinha-verdadeira;55.000,00;2,5
3515135;22/06/2023;Sardinha-verdadeira;11.633,00;2,6
3262558;22/06/2023;Sardinha-verdadeira;60.000,00;2,5
3262558;22/06/2023;Sardinha-verdadeira;3.500,00;2,5
5467319;23/06/2023;Sardinha-verdadeira;59.880,00;1,5
3307329;23/06/2023;Sardinha-verdadeira;101.000,00;2,2
3306836;23/06/2023;Sardinha-verdadeira;65.000,00;2
3404869;24/06/2023;Sardinha-verdadeira;39.500,00;1,1
3262558;24/06/2023;Sardinha-verdadeira;170.000,00;2,5
3262558;24/06/2023;Sardinha-verdadeira;200.000,00;2,7
3306836;25/06/2023;Sardinha-verdadeira;32.000,00;2
5467319;26/06/2023;Sardinha-verdadeira;15.800,00;1,5
3262558;26/06/2023;Sardinha-verdadeira;180.000,00;2,7
3262558;26/06/2023;Sardinha-verdadeira;210.000,00;2,7
3404869;27/06/2023;Sardinha-verdadeira;120.000,00;1,1
3332880;27/06/2023;Sardinha-verdadeira;60;2
5467319;28/06/2023;Sardinha-verdadeira;120;1
3515135;28/06/2023;Sardinha-verdadeira;137.497,00;2,6
3262558;28/06/2023;Sardinha-verdadeira;35.000,00;2,7
5467319;30/06/2023;Sardinha-verdadeira;60.000,00;1,5
3515135;30/06/2023;Sardinha-verdadeira;76.716,00;2,6
3404869;30/06/2023;Sardinha-verdadeira;14.000,00;1,1
3332295;01/07/2023;Sardinha-verdadeira;69.960,00;2,2
3332295;02/07/2023;Sardinha-verdadeira;76.540,00;2,2
3502767;03/07/2023;Sardinha-verdadeira;27.000,00;1,1
3502767;03/07/2023;Sardinha-verdadeira;27.000,00;1,1
3357678;03/07/2023;Sardinha-verdadeira;80.000,00;2,4
3357678;03/07/2023;Sardinha-verdadeira;145.000,00;2,5
5527048;04/07/2023;Sardinha-verdadeira;620;1,5
3690032;04/07/2023;Sardinha-verdadeira;151.100,00;2,6
3690032;05/07/2023;Sardinha-verdadeira;153.743,00;2,6
3690032;05/07/2023;Sardinha-verdadeira;20.947,00;2,6
3357678;05/07/2023;Sardinha-verdadeira;80.000,00;2,5
3357678;06/07/2023;Sardinha-verdadeira;180.000,00;2,4
3690032;07/07/2023;Sardinha-verdadeira;24.601,00;2,6
3437284;07/07/2023;Sardinha-verdadeira;2.000,00;2
3357678;07/07/2023;Sardinha-verdadeira;220.000,00;2,4
3690032;08/07/2023;Sardinha-verdadeira;51.191,00;2,6
3357678;08/07/2023;Sardinha-verdadeira;15.000,00;2,2
3690032;10/07/2023;Sardinha-verdadeira;143.396,00;2,6
5527048;11/07/2023;Sardinha-verdadeira;45.755,00;1,5
3357678;11/07/2023;Sardinha-verdadeira;32.000,00;2,2
5527048;12/07/2023;Sardinha-verdadeira;22.268,00;1,5
3690032;12/07/2023;Sardinha-verdadeira;16.736,00;2,6
3690032;12/07/2023;Sardinha-verdadeira;18.695,00;2,6
3502767;12/07/2023;Sardinha-verdadeira;20.000,00;1,1
3502767;12/07/2023;Sardinha-verdadeira;85.000,00;1,1
3502767;12/07/2023;Sardinha-verdadeira;17.000,00;1,1
3357678;12/07/2023;Sardinha-verdadeira;150.000,00;2,4
3690032;13/07/2023;Sardinha-verdadeira;117.216,00;2,6
3357678;13/07/2023;Sardinha-verdadeira;90.000,00;2,2
3357678;13/07/2023;Sardinha-verdadeira;45.000,00;2,4
3357678;13/07/2023;Sardinha-verdadeira;60.000,00;2,4
3357678;14/07/2023;Sardinha-verdadeira;143.000,00;2,2
5527048;15/07/2023;Sardinha-verdadeira;33.320,00;1,5
3502767;15/07/2023;Sardinha-verdadeira;17.000,00;1,1
3357678;15/07/2023;Sardinha-verdadeira;24.000,00;2,2
5527048;17/07/2023;Sardinha-verdadeira;120;1,5
3690032;17/07/2023;Sardinha-verdadeira;70.248,00;2,6
3502767;17/07/2023;Sardinha-verdadeira;50.000,00;1,1
3502767;17/07/2023;Sardinha-verdadeira;7.000,00;1,1
3357678;17/07/2023;Sardinha-verdadeira;110.000,00;2,2
3357678;17/07/2023;Sardinha-verdadeira;4.000,00;2,2
3357678;17/07/2023;Sardinha-verdadeira;7.000,00;2,2
3690032;18/07/2023;Sardinha-verdadeira;36.170,00;2,6
3357678;18/07/2023;Sardinha-verdadeira;75.000,00;2,4
3357678;18/07/2023;Sardinha-verdadeira;85.000,00;2,4
3357678;18/07/2023;Sardinha-verdadeira;80.000,00;2,4
3357678;19/07/2023;Sardinha-verdadeira;60.000,00;2,22
3690032;21/07/2023;Sardinha-verdadeira;2.508,00;2,6
3690032;24/07/2023;Sardinha-verdadeira;35.264,00;2,6
3437284;24/07/2023;Sardinha-verdadeira;7.000,00;2
3357678;24/07/2023;Sardinha-verdadeira;16.000,00;2,2
3357678;24/07/2023;Sardinha-verdadeira;58.000,00;2,2
3690032;25/07/2023;Sardinha-verdadeira;21.497,00;2,6
3441365;25/07/2023;Sardinha-verdadeira;1.514,00;2
3357678;25/07/2023;Sardinha-verdadeira;13.000,00;2,2
3357678;25/07/2023;Sardinha-verdadeira;9.000,00;2,2
3357678;25/07/2023;Sardinha-verdadeira;10.000,00;2,2
3502767;26/07/2023;Sardinha-verdadeira;13.000,00;1,1
3502767;26/07/2023;Sardinha-verdadeira;28.000,00;1,1
3357678;26/07/2023;Sardinha-verdadeira;15.000,00;2,2
3690032;27/07/2023;Sardinha-verdadeira;13.530,00;2,6
3437284;27/07/2023;Sardinha-verdadeira;5.000,00;2
3357678;27/07/2023;Sardinha-verdadeira;10.000,00;2,2
3357678;27/07/2023;Sardinha-verdadeira;12.000,00;2,2
3502767;28/07/2023;Sardinha-verdadeira;2.000,00;1,1
3502767;28/07/2023;Sardinha-verdadeira;10.000,00;1,1
3437284;28/07/2023;Sardinha-verdadeira;10.000,00;2
3357678;28/07/2023;Sardinha-verdadeira;28.000,00;2,2
3357678;28/07/2023;Sardinha-verdadeira;22.000,00;2,2
3357678;28/07/2023;Sardinha-verdadeira;20.000,00;2,2
3357678;28/07/2023;Sardinha-verdadeira;120.000,00;2,2
3357678;28/07/2023;Sardinha-verdadeira;54.000,00;2,2
3357678;28/07/2023;Sardinha-verdadeira;25.000,00;2,2
3502767;29/07/2023;Sardinha-verdadeira;58.000,00;1,1
3502767;30/07/2023;Sardinha-verdadeira;3.000,00;1,1
3357678;31/07/2023;Sardinha-verdadeira;42.000,00;2,2
3357678;31/07/2023;Sardinha-verdadeira;18.000,00;2,2
3692609;01/08/2023;Sardinha-verdadeira;108.732,00;2,6
3692609;01/08/2023;Sardinha-verdadeira;11.806,00;2,6
3521328;01/08/2023;Sardinha-verdadeira;6.000,00;2
3427612;01/08/2023;Sardinha-verdadeira;35.000,00;2,2
3427612;02/08/2023;Sardinha-verdadeira;25.000,00;2,2
3427612;02/08/2023;Sardinha-verdadeira;140.000,00;2,2
3607704;03/08/2023;Sardinha-verdadeira;115.000,00;1,1
3427612;03/08/2023;Sardinha-verdadeira;155.000,00;2,4
3427612;03/08/2023;Sardinha-verdadeira;95.000,00;2,4
3423819;03/08/2023;Sardinha-verdadeira;20;1,6
3521328;05/08/2023;Sardinha-verdadeira;18.000,00;2
3427612;05/08/2023;Sardinha-verdadeira;55.000,00;2,2
3427612;05/08/2023;Sardinha-verdadeira;20.000,00;2,2
3427612;05/08/2023;Sardinha-verdadeira;5.000,00;2,2
3427612;06/08/2023;Sardinha-verdadeira;7.000,00;2,2
5527362;07/08/2023;Sardinha-verdadeira;13.440,00;1,5
3692609;07/08/2023;Sardinha-verdadeira;38.928,00;2,6
3692609;07/08/2023;Sardinha-verdadeira;12.046,00;2,6
3607704;07/08/2023;Sardinha-verdadeira;12.000,00;1,1
3607704;07/08/2023;Sardinha-verdadeira;2.000,00;1,1
3607704;07/08/2023;Sardinha-verdadeira;40.000,00;1,1
3607704;07/08/2023;Sardinha-verdadeira;38.000,00;1,1
3521328;07/08/2023;Sardinha-verdadeira;6.680,00;2
3427612;07/08/2023;Sardinha-verdadeira;35.000,00;2,4
3427612;07/08/2023;Sardinha-verdadeira;40.000,00;2,4
3427612;07/08/2023;Sardinha-verdadeira;9.000,00;9.000,00
3427612;07/08/2023;Sardinha-verdadeira;68.000,00;2,4
3427612;08/08/2023;Sardinha-verdadeira;42.000,00;2,2
3427612;08/08/2023;Sardinha-verdadeira;8.000,00;2,2
5527362;11/08/2023;Sardinha-verdadeira;10.220,00;1,5
3607704;11/08/2023;Sardinha-verdadeira;10.000,00;1,1
3521328;11/08/2023;Sardinha-verdadeira;21.000,00;2
3427612;11/08/2023;Sardinha-verdadeira;38.000,00;2,2
5527362;12/08/2023;Sardinha-verdadeira;3.900,00;2,3
3607704;12/08/2023;Sardinha-verdadeira;500;1,1
3607704;12/08/2023;Sardinha-verdadeira;13.000,00;1,1
3607704;12/08/2023;Sardinha-verdadeira;5.000,00;1,1
3427612;12/08/2023;Sardinha-verdadeira;140.000,00;2,4
3427612;12/08/2023;Sardinha-verdadeira;75.000,00;2,4
3427612;14/08/2023;Sardinha-verdadeira;7.000,00;2,2
3427612;14/08/2023;Sardinha-verdadeira;40.000,00;2,4
3427612;15/08/2023;Sardinha-verdadeira;31.000,00;2,2
5527362;16/08/2023;Sardinha-verdadeira;44.786,00;1,5
3607704;16/08/2023;Sardinha-verdadeira;3.000,00;1,1
3692609;17/08/2023;Sardinha-verdadeira;19.553,00;2,6
3607704;17/08/2023;Sardinha-verdadeira;23.000,00;1,1
3427612;17/08/2023;Sardinha-verdadeira;15.000,00;2,2
3427612;17/08/2023;Sardinha-verdadeira;42.000,00;2,2
3427612;17/08/2023;Sardinha-verdadeira;80.000,00;2,4
5527362;18/08/2023;Sardinha-verdadeira;68.328,00;1,8
3607704;18/08/2023;Sardinha-verdadeira;30.000,00;1,1
3521328;18/08/2023;Sardinha-verdadeira;25.000,00;2
3521328;18/08/2023;Sardinha-verdadeira;30.000,00;2
3521328;18/08/2023;Sardinha-verdadeira;49.000,00;2
3427612;18/08/2023;Sardinha-verdadeira;29.000,00;2,4
3607704;19/08/2023;Sardinha-verdadeira;107.000,00;1,1
3427612;19/08/2023;Sardinha-verdadeira;70.000,00;2,2
3427612;19/08/2023;Sardinha-verdadeira;48.000,00;2,2
3423819;19/08/2023;Sardinha-verdadeira;56.047,00;2,2
5527362;20/08/2023;Sardinha-verdadeira;45.882,00;1,8
3423819;20/08/2023;Sardinha-verdadeira;1.380,00;1
3692609;21/08/2023;Sardinha-verdadeira;85.092,00;2,6
3521328;21/08/2023;Sardinha-verdadeira;10.000,00;2
3427612;21/08/2023;Sardinha-verdadeira;13.000,00;2,2
3427612;21/08/2023;Sardinha-verdadeira;8.000,00;2,2
3521328;22/08/2023;Sardinha-verdadeira;65.000,00;2
3427612;22/08/2023;Sardinha-verdadeira;75.000,00;2,4
3427612;22/08/2023;Sardinha-verdadeira;140.000,00;2,2
3427612;22/08/2023;Sardinha-verdadeira;13.000,00;2,2
3423819;22/08/2023;Sardinha-verdadeira;40.620,00;2,7
5527362;23/08/2023;Sardinha-verdadeira;11.260,00;1
3692609;23/08/2023;Sardinha-verdadeira;81.352,00;2,6
3692609;23/08/2023;Sardinha-verdadeira;10.589,00;2,6
3607704;23/08/2023;Sardinha-verdadeira;17.000,00;1,1
3607704;23/08/2023;Sardinha-verdadeira;23.000,00;1,1
3607704;23/08/2023;Sardinha-verdadeira;124.000,00;1,1
3521328;23/08/2023;Sardinha-verdadeira;19.000,00;2
3427612;23/08/2023;Sardinha-verdadeira;22.000,00;2,2
3427612;23/08/2023;Sardinha-verdadeira;19.000,00;2,2
3427612;23/08/2023;Sardinha-verdadeira;42.000,00;2,2
3427612;23/08/2023;Sardinha-verdadeira;40.000,00;2,2
3423819;23/08/2023;Sardinha-verdadeira;19.480,00;2,7
3692609;24/08/2023;Sardinha-verdadeira;41.594,00;2,6
3427612;24/08/2023;Sardinha-verdadeira;10.000,00;2,2
3427612;24/08/2023;Sardinha-verdadeira;60.000,00;2,4
3427612;24/08/2023;Sardinha-verdadeira;110.000,00;2,4
3427612;24/08/2023;Sardinha-verdadeira;34.000,00;2,2
3692609;25/08/2023;Sardinha-verdadeira;68.152,00;2,6
3427612;25/08/2023;Sardinha-verdadeira;50.000,00;2,2
3423819;26/08/2023;Sardinha-verdadeira;36.100,00;2,2
3521328;29/08/2023;Sardinha-verdadeira;18.000,00;2
3427612;29/08/2023;Sardinha-verdadeira;18.000,00;2,2
5527362;30/08/2023;Sardinha-verdadeira;14.820,00;1,5
3607704;30/08/2023;Sardinha-verdadeira;4.500,00;1,1
3427612;30/08/2023;Sardinha-verdadeira;10.000,00;2,2
3423819;30/08/2023;Sardinha-verdadeira;5.180,00;1,85
5527362;31/08/2023;Sardinha-verdadeira;11.785,00;2,7
3607704;31/08/2023;Sardinha-verdadeira;27.000,00;1,1
3521328;31/08/2023;Sardinha-verdadeira;13.000,00;2
3427612;31/08/2023;Sardinha-verdadeira;35.000,00;2,2
3536531;01/09/2023;Sardinha-verdadeira;32.000,00;2,2
3536531;01/09/2023;Sardinha-verdadeira;14.000,00;2,2
5538859;02/09/2023;Sardinha-verdadeira;4.800,00;2,2
3608560;02/09/2023;Sardinha-verdadeira;5.000,00;2
3608560;02/09/2023;Sardinha-verdadeira;1.500,00;2
3536531;02/09/2023;Sardinha-verdadeira;20.000,00;2,2
3536531;02/09/2023;Sardinha-verdadeira;8.000,00;2,2
3525973;02/09/2023;Sardinha-verdadeira;28.280,00;2,2
3764329;03/09/2023;Sardinha-verdadeira;4.000,00;1,1
3764329;04/09/2023;Sardinha-verdadeira;84.000,00;1,1
3764329;04/09/2023;Sardinha-verdadeira;65.000,00;1,1
3742094;04/09/2023;Sardinha-verdadeira;12.919,00;2,6
3742094;04/09/2023;Sardinha-verdadeira;52.856,00;2,6
3608560;04/09/2023;Sardinha-verdadeira;14.000,00;2
3536531;04/09/2023;Sardinha-verdadeira;130.000,00;2,2
3536531;04/09/2023;Sardinha-verdadeira;4.000,00;2,2
3536531;04/09/2023;Sardinha-verdadeira;18.000,00;2,2
3536531;04/09/2023;Sardinha-verdadeira;2.000,00;2,2
3536531;04/09/2023;Sardinha-verdadeira;110.000,00;2,4
3536531;04/09/2023;Sardinha-verdadeira;110.000,00;2,4
3742094;05/09/2023;Sardinha-verdadeira;112.575,00;2,6
3536531;05/09/2023;Sardinha-verdadeira;165.000,00;2,4
3536531;05/09/2023;Sardinha-verdadeira;100.000,00;2,2
3536531;07/09/2023;Sardinha-verdadeira;8.000,00;2,2
3608560;08/09/2023;Sardinha-verdadeira;780;2
5538859;09/09/2023;Sardinha-verdadeira;3.660,00;3,2
3525973;09/09/2023;Sardinha-verdadeira;35.713,00;2,2
5538859;10/09/2023;Sardinha-verdadeira;11.000,00;1,5
3764329;11/09/2023;Sardinha-verdadeira;3.000,00;1,1
5538859;12/09/2023;Sardinha-verdadeira;28.160,00;2,6
3742094;12/09/2023;Sardinha-verdadeira;37.008,00;2,6
3608560;12/09/2023;Sardinha-verdadeira;8.000,00;2
3536531;12/09/2023;Sardinha-verdadeira;170.000,00;2,4
3536531;12/09/2023;Sardinha-verdadeira;8.000,00;2,2
3536531;12/09/2023;Sardinha-verdadeira;60.000,00;2,2
3536531;12/09/2023;Sardinha-verdadeira;125.000,00;2,2
3764329;13/09/2023;Sardinha-verdadeira;180.000,00;1,1
3742094;13/09/2023;Sardinha-verdadeira;140.802,00;2,6
3536531;13/09/2023;Sardinha-verdadeira;207.000,00;2,4
3525973;13/09/2023;Sardinha-verdadeira;157.320,00;2,2
3764329;14/09/2023;Sardinha-verdadeira;39.000,00;1,1
3608560;14/09/2023;Sardinha-verdadeira;27.000,00;2
3536531;14/09/2023;Sardinha-verdadeira;155.000,00;2,2
3536531;15/09/2023;Sardinha-verdadeira;220.000,00;2,4
3536531;16/09/2023;Sardinha-verdadeira;30.000,00;2,2
3764329;17/09/2023;Sardinha-verdadeira;12.000,00;1,1
3608560;18/09/2023;Sardinha-verdadeira;23.000,00;2
3742094;19/09/2023;Sardinha-verdadeira;61.251,00;2,6
3608560;19/09/2023;Sardinha-verdadeira;35.000,00;2
3536531;19/09/2023;Sardinha-verdadeira;141.000,00;2,2
3536531;19/09/2023;Sardinha-verdadeira;15.000,00;2,2
3536531;19/09/2023;Sardinha-verdadeira;27.000,00;2,2
3764329;20/09/2023;Sardinha-verdadeira;3.000,00;1,1
3606682;20/09/2023;Sardinha-verdadeira;3.935,00;3
3536531;20/09/2023;Sardinha-verdadeira;180.000,00;2,4
3536531;20/09/2023;Sardinha-verdadeira;200.000,00;2,4
3764329;21/09/2023;Sardinha-verdadeira;36.000,00;1,1
3764329;21/09/2023;Sardinha-verdadeira;9.000,00;1,1
3742094;21/09/2023;Sardinha-verdadeira;139.033,00;2,6
3608560;21/09/2023;Sardinha-verdadeira;150.000,00;2
5538859;22/09/2023;Sardinha-verdadeira;21.000,00;1,5
3608560;22/09/2023;Sardinha-verdadeira;24.000,00;2
3536531;22/09/2023;Sardinha-verdadeira;95.000,00;2,2
3536531;22/09/2023;Sardinha-verdadeira;215.000,00;2,4
5538859;23/09/2023;Sardinha-verdadeira;57.200,00;1,5
3764329;23/09/2023;Sardinha-verdadeira;13.000,00;1,1
3525973;23/09/2023;Sardinha-verdadeira;40.534,00;2,6
3764329;24/09/2023;Sardinha-verdadeira;3.000,00;1,1
3742094;25/09/2023;Sardinha-verdadeira;10.631,00;2,6
3608560;25/09/2023;Sardinha-verdadeira;41.000,00;2
3536531;25/09/2023;Sardinha-verdadeira;95.000,00;2,2
5538859;26/09/2023;Sardinha-verdadeira;19.959,00;2,9
3764329;26/09/2023;Sardinha-verdadeira;3.500,00;1,1
3764329;26/09/2023;Sardinha-verdadeira;130.000,00;1,1
3606682;26/09/2023;Sardinha-verdadeira;10.706,00;3
3536531;26/09/2023;Sardinha-verdadeira;7.000,00;2,2
3536531;26/09/2023;Sardinha-verdadeira;130.000,00;2,2
5538859;27/09/2023;Sardinha-verdadeira;12.000,00;2,9
3742094;27/09/2023;Sardinha-verdadeira;137.231,00;2,6
3536531;27/09/2023;Sardinha-verdadeira;90.000,00;2,2
3536531;27/09/2023;Sardinha-verdadeira;135.000,00;2,4
3536531;28/09/2023;Sardinha-verdadeira;60.000,00;2,2
3536531;30/09/2023;Sardinha-verdadeira;50.000,00;2,4
3536531;30/09/2023;Sardinha-verdadeira;4.000,00;2,4
5595455;02/10/2023;Sardinha-verdadeira;9.664,00;3
3613905;02/10/2023;Sardinha-verdadeira;3.000,00;2,4
3607411;02/10/2023;Sardinha-verdadeira;44.470,00;2,2
4485327;03/03/2024;Sardinha-verdadeira;35.000,00;1,1
4485327;04/03/2024;Sardinha-verdadeira;120.000,00;1,1
4485327;04/03/2024;Sardinha-verdadeira;15.000,00;1,1
4274827;04/03/2024;Sardinha-verdadeira;15.000,00;2,7
4274827;04/03/2024;Sardinha-verdadeira;10.000,00;2,7
4078623;04/03/2024;Sardinha-verdadeira;60.000,00;2,7
4078623;04/03/2024;Sardinha-verdadeira;48.000,00;2,7
4485327;05/03/2024;Sardinha-verdadeira;10.000,00;1,1
4078623;05/03/2024;Sardinha-verdadeira;5.000,00;2,7
4078623;05/03/2024;Sardinha-verdadeira;130.000,00;2,9
4078623;05/03/2024;Sardinha-verdadeira;100.000,00;2,9
4078623;05/03/2024;Sardinha-verdadeira;140.000,00;2,9
4078623;07/03/2024;Sardinha-verdadeira;34.000,00;2,7
4078623;07/03/2024;Sardinha-verdadeira;80.000,00;2,7
4078623;07/03/2024;Sardinha-verdadeira;11.000,00;2,7
4274827;08/03/2024;Sardinha-verdadeira;5.000,00;2,7
4274827;11/03/2024;Sardinha-verdadeira;50.000,00;2,7
4078623;11/03/2024;Sardinha-verdadeira;15.000,00;2,7
4485327;12/03/2024;Sardinha-verdadeira;141.000,00;1,1
4274827;12/03/2024;Sardinha-verdadeira;60.000,00;2,7
4078623;12/03/2024;Sardinha-verdadeira;35.000,00;2,7
4078623;13/03/2024;Sardinha-verdadeira;160.000,00;2,7
4186873;14/03/2024;Sardinha-verdadeira;186.206,00;2,5
4078623;14/03/2024;Sardinha-verdadeira;85.000,00;2,7
4078623;14/03/2024;Sardinha-verdadeira;190.000,00;2,9
4078623;14/03/2024;Sardinha-verdadeira;130.000,00;2,7
4078623;14/03/2024;Sardinha-verdadeira;161.000,00;2,7
4485327;15/03/2024;Sardinha-verdadeira;180.000,00;1,1
4485327;15/03/2024;Sardinha-verdadeira;50.000,00;1,1
4274827;15/03/2024;Sardinha-verdadeira;60.000,00;2,7
4274827;15/03/2024;Sardinha-verdadeira;50.000,00;2,7
4485327;16/03/2024;Sardinha-verdadeira;45.000,00;1,1
4274827;16/03/2024;Sardinha-verdadeira;16.000,00;2,7
4078623;16/03/2024;Sardinha-verdadeira;220.000,00;2,9
4078623;16/03/2024;Sardinha-verdadeira;200.000,00;2,9
4186873;18/03/2024;Sardinha-verdadeira;114.020,00;2,35
4274827;19/03/2024;Sardinha-verdadeira;30.000,00;2,7
4078623;19/03/2024;Sardinha-verdadeira;145.000,00;2,7
4274827;20/03/2024;Sardinha-verdadeira;46.000,00;2,7
4485327;21/03/2024;Sardinha-verdadeira;13.000,00;1,1
4485327;21/03/2024;Sardinha-verdadeira;24.000,00;1,1
4186873;21/03/2024;Sardinha-verdadeira;63.380,00;3
4078623;21/03/2024;Sardinha-verdadeira;140.000,00;2,7
4485327;22/03/2024;Sardinha-verdadeira;100.000,00;1,1
4485327;22/03/2024;Sardinha-verdadeira;64.000,00;1,1
4485327;25/03/2024;Sardinha-verdadeira;65.000,00;1,1
4078623;25/03/2024;Sardinha-verdadeira;70.000,00;2,7
4485327;27/03/2024;Sardinha-verdadeira;39.000,00;1,1
4485327;27/03/2024;Sardinha-verdadeira;12.000,00;1,1
4186873;27/03/2024;Sardinha-verdadeira;71.440,00;2,7
4078623;27/03/2024;Sardinha-verdadeira;185.000,00;2,7
4485327;28/03/2024;Sardinha-verdadeira;75.000,00;1,1
4078623;28/03/2024;Sardinha-verdadeira;215.000,00;2,9
4078623;30/03/2024;Sardinha-verdadeira;192.000,00;2,9
4078623;30/03/2024;Sardinha-verdadeira;170.000,00;2,7
4263139;01/04/2024;Sardinha-verdadeira;220.000,00;2,9
4239897;01/04/2024;Sardinha-verdadeira;22.920,00;2,7
4263139;02/04/2024;Sardinha-verdadeira;80.000,00;2,7
4449693;04/04/2024;Sardinha-verdadeira;50.000,00;2
4263139;04/04/2024;Sardinha-verdadeira;170.000,00;2,7
4449693;05/04/2024;Sardinha-verdadeira;50.000,00;2
4263139;05/04/2024;Sardinha-verdadeira;140.000,00;2,7
4263139;05/04/2024;Sardinha-verdadeira;170.000,00;2,7
4263139;06/04/2024;Sardinha-verdadeira;200.000,00;2,9
4239897;07/04/2024;Sardinha-verdadeira;52.800,00;2,7
4449693;08/04/2024;Sardinha-verdadeira;70.000,00;2
4263139;08/04/2024;Sardinha-verdadeira;215.000,00;2,9
4263139;09/04/2024;Sardinha-verdadeira;220.000,00;2,9
4449693;10/04/2024;Sardinha-verdadeira;65.000,00;2
4449693;12/04/2024;Sardinha-verdadeira;15.000,00;2
4263139;12/04/2024;Sardinha-verdadeira;145.000,00;2,7
4263139;12/04/2024;Sardinha-verdadeira;180.000,00;2,7
4263139;15/04/2024;Sardinha-verdadeira;169.000,00;2,7
4263139;15/04/2024;Sardinha-verdadeira;145.000,00;2,7
4263139;18/04/2024;Sardinha-verdadeira;210.000,00;2,9
4263139;20/04/2024;Sardinha-verdadeira;220.000,00;2,9
4263139;20/04/2024;Sardinha-verdadeira;170.000,00;2,7
4449693;21/04/2024;Sardinha-verdadeira;75.000,00;2
4239897;21/04/2024;Sardinha-verdadeira;87.728,00;2,7
4263139;22/04/2024;Sardinha-verdadeira;170.000,00;2,7
4263139;23/04/2024;Sardinha-verdadeira;141.000,00;2,7
4263139;23/04/2024;Sardinha-verdadeira;145.000,00;2,7
4449693;24/04/2024;Sardinha-verdadeira;85.000,00;2
4263139;24/04/2024;Sardinha-verdadeira;205.000,00;2,7
4263139;26/04/2024;Sardinha-verdadeira;180.000,00;2,5
4263139;28/04/2024;Sardinha-verdadeira;210.000,00;2,7
4263139;29/04/2024;Sardinha-verdadeira;220.000,00;2,7
4239897;29/04/2024;Sardinha-verdadeira;88.620,00;2,5
4263139;30/04/2024;Sardinha-verdadeira;215.000,00;2,7
4263139;30/04/2024;Sardinha-verdadeira;25.000,00;2,5
4239897;30/04/2024;Sardinha-verdadeira;112.022,00;2,5
4516262;02/05/2024;Sardinha-verdadeira;80.000,00;2
4464821;02/05/2024;Sardinha-verdadeira;175.000,00;2,5
4389165;02/05/2024;Sardinha-verdadeira;80.096,00;2,7
4464821;03/05/2024;Sardinha-verdadeira;145.000,00;2,5
4389165;04/05/2024;Sardinha-verdadeira;94.885,00;2,3
4516262;06/05/2024;Sardinha-verdadeira;50.000,00;2
4464821;06/05/2024;Sardinha-verdadeira;169.000,00;2,7
4464821;07/05/2024;Sardinha-verdadeira;215.000,00;2,7
4464821;07/05/2024;Sardinha-verdadeira;220.000,00;2,7
4516262;08/05/2024;Sardinha-verdadeira;70.000,00;2
4464821;09/05/2024;Sardinha-verdadeira;185.000,00;2,3
4464821;09/05/2024;Sardinha-verdadeira;202.000,00;2,7
4389165;09/05/2024;Sardinha-verdadeira;79.454,00;2,2
4464821;10/05/2024;Sardinha-verdadeira;145.000,00;2,3
4464821;11/05/2024;Sardinha-verdadeira;45.000,00;2,3
4516262;13/05/2024;Sardinha-verdadeira;45.000,00;2
4464821;13/05/2024;Sardinha-verdadeira;170.000,00;2,3
4464821;14/05/2024;Sardinha-verdadeira;183.000,00;2,5
4464821;14/05/2024;Sardinha-verdadeira;220.000,00;2,5
4389165;14/05/2024;Sardinha-verdadeira;29.240,00;2,2
4464821;15/05/2024;Sardinha-verdadeira;220.000,00;2,5
4464821;16/05/2024;Sardinha-verdadeira;180.000,00;2,3
4389165;16/05/2024;Sardinha-verdadeira;159.671,00;2,3
4516262;17/05/2024;Sardinha-verdadeira;19.000,00;2
4464821;17/05/2024;Sardinha-verdadeira;35.000,00;2,3
4464821;17/05/2024;Sardinha-verdadeira;9.000,00;2,3
4516262;20/05/2024;Sardinha-verdadeira;20.000,00;2
4464821;20/05/2024;Sardinha-verdadeira;145.000,00;2,3
4516262;22/05/2024;Sardinha-verdadeira;25.000,00;2
4464821;22/05/2024;Sardinha-verdadeira;146.000,00;2,3
4464821;22/05/2024;Sardinha-verdadeira;70.000,00;2,3
4516262;23/05/2024;Sardinha-verdadeira;7.000,00;2
4464821;23/05/2024;Sardinha-verdadeira;12.000,00;2,3
4464821;23/05/2024;Sardinha-verdadeira;27.000,00;2,3
4464821;23/05/2024;Sardinha-verdadeira;180.000,00;2,5
4464821;24/05/2024;Sardinha-verdadeira;90.000,00;2,5
4464821;24/05/2024;Sardinha-verdadeira;180.000,00;2,5
4516262;31/05/2024;Sardinha-verdadeira;7.000,00;2
4666606;03/06/2024;Sardinha-verdadeira;2.000,00;2
4666606;05/06/2024;Sardinha-verdadeira;21.000,00;2
4502186;05/06/2024;Sardinha-verdadeira;12.000,00;2,3
4502186;06/06/2024;Sardinha-verdadeira;37.000,00;2,3
4502186;06/06/2024;Sardinha-verdadeira;120.000,00;2,5
4666606;07/06/2024;Sardinha-verdadeira;40.000,00;2
4502186;07/06/2024;Sardinha-verdadeira;30.000,00;2,5
4502186;07/06/2024;Sardinha-verdadeira;50.000,00;2,3
4502186;08/06/2024;Sardinha-verdadeira;10.000,00;2,3
4666606;10/06/2024;Sardinha-verdadeira;15.000,00;2
4666606;11/06/2024;Sardinha-verdadeira;45.000,00;2
4502186;13/06/2024;Sardinha-verdadeira;180.000,00;2,3
4666606;15/06/2024;Sardinha-verdadeira;27.000,00;2
4666606;16/06/2024;Sardinha-verdadeira;18.000,00;2
4547257;16/06/2024;Sardinha-verdadeira;5.140,00;0,3
4502186;16/06/2024;Sardinha-verdadeira;150.000,00;2,3
4502186;16/06/2024;Sardinha-verdadeira;15.000,00;2,3
4666606;17/06/2024;Sardinha-verdadeira;13.000,00;2
4502186;17/06/2024;Sardinha-verdadeira;210.000,00;2,6
4502186;17/06/2024;Sardinha-verdadeira;45.000,00;2,3
4502186;17/06/2024;Sardinha-verdadeira;215.000,00;2,6
4666606;18/06/2024;Sardinha-verdadeira;11.000,00;2
4502186;19/06/2024;Sardinha-verdadeira;220.000,00;2,6
4502186;20/06/2024;Sardinha-verdadeira;180.000,00;2,5
4547257;22/06/2024;Sardinha-verdadeira;60;2,6
4502186;24/06/2024;Sardinha-verdadeira;175.000,00;2,5
4502186;24/06/2024;Sardinha-verdadeira;220.000,00;2,6
4547257;25/06/2024;Sardinha-verdadeira;180.000,00;2,6
4502186;25/06/2024;Sardinha-verdadeira;200.000,00;2,6
4666606;28/06/2024;Sardinha-verdadeira;25.000,00;2
4502186;28/06/2024;Sardinha-verdadeira;180.000,00;2,5
4547257;29/06/2024;Sardinha-verdadeira;27.960,00;2,3
4502186;29/06/2024;Sardinha-verdadeira;140.000,00;2,6
4796613;03/07/2024;Sardinha-verdadeira;55.000,00;2
4600170;03/07/2024;Sardinha-verdadeira;220.000,00;2,6
4600170;03/07/2024;Sardinha-verdadeira;210.000,00;2,6
4796613;04/07/2024;Sardinha-verdadeira;65.000,00;2
4600170;05/07/2024;Sardinha-verdadeira;162.000,00;2,3
4796613;06/07/2024;Sardinha-verdadeira;45.000,00;2
4600170;06/07/2024;Sardinha-verdadeira;220.000,00;2,5
4600170;08/07/2024;Sardinha-verdadeira;220.000,00;2,5
4600170;09/07/2024;Sardinha-verdadeira;141.000,00;2,5
4591966;09/07/2024;Sardinha-verdadeira;140.000,00;2,3
4600170;10/07/2024;Sardinha-verdadeira;145.000,00;2,5
4796613;11/07/2024;Sardinha-verdadeira;48.000,00;2
4796613;12/07/2024;Sardinha-verdadeira;85.000,00;2
4600170;15/07/2024;Sardinha-verdadeira;185.000,00;2,4
4600170;15/07/2024;Sardinha-verdadeira;206.000,00;2,5
4591966;15/07/2024;Sardinha-verdadeira;150.000,00;2,5
4796613;17/07/2024;Sardinha-verdadeira;90.000,00;2
4600170;17/07/2024;Sardinha-verdadeira;168.000,00;2,3
4796613;18/07/2024;Sardinha-verdadeira;90.000,00;2
4600170;18/07/2024;Sardinha-verdadeira;220.000,00;2,5
4591966;18/07/2024;Sardinha-verdadeira;85.400,00;2,5
4796613;19/07/2024;Sardinha-verdadeira;60.000,00;2
4600170;19/07/2024;Sardinha-verdadeira;220.000,00;2,5
4796613;22/07/2024;Sardinha-verdadeira;25.000,00;2
4600170;23/07/2024;Sardinha-verdadeira;140.000,00;2,3
4600170;24/07/2024;Sardinha-verdadeira;190.000,00;2,3
4796613;25/07/2024;Sardinha-verdadeira;55.000,00;2
4600170;25/07/2024;Sardinha-verdadeira;212.000,00;2,5
4796613;26/07/2024;Sardinha-verdadeira;20.000,00;2
4600170;26/07/2024;Sardinha-verdadeira;140.000,00;2,3
4796613;27/07/2024;Sardinha-verdadeira;70.000,00;2
4600170;27/07/2024;Sardinha-verdadeira;145.000,00;2,3
4591966;28/07/2024;Sardinha-verdadeira;99.500,00;2,3
4796613;29/07/2024;Sardinha-verdadeira;45.000,00;2
4600170;29/07/2024;Sardinha-verdadeira;220.000,00;2,5
4600170;30/07/2024;Sardinha-verdadeira;220.000,00;2,5
4796613;31/07/2024;Sardinha-verdadeira;5.000,00;2
4692763;01/08/2024;Sardinha-verdadeira;90.000,00;2,3
4692763;02/08/2024;Sardinha-verdadeira;145.000,00;2,3
4692763;06/08/2024;Sardinha-verdadeira;75.000,00;2
4692763;06/08/2024;Sardinha-verdadeira;80.000,00;2
4832475;07/08/2024;Sardinha-verdadeira;75.000,00;2
4692763;07/08/2024;Sardinha-verdadeira;52.000,00;2
4690075;07/08/2024;Sardinha-verdadeira;39.326,00;2,7
4832475;08/08/2024;Sardinha-verdadeira;5.000,00;2
4692763;08/08/2024;Sardinha-verdadeira;60.000,00;2
4692763;08/08/2024;Sardinha-verdadeira;12.000,00;2
4692763;09/08/2024;Sardinha-verdadeira;113.000,00;2,2
4690075;09/08/2024;Sardinha-verdadeira;70.271,00;2,5
4692763;12/08/2024;Sardinha-verdadeira;210.000,00;2,4
4692763;12/08/2024;Sardinha-verdadeira;200.000,00;2,4
4692763;14/08/2024;Sardinha-verdadeira;145.000,00;2,2
4692763;15/08/2024;Sardinha-verdadeira;180.000,00;2,4
4832475;16/08/2024;Sardinha-verdadeira;50.000,00;2
4692763;16/08/2024;Sardinha-verdadeira;40.000,00;2
4692763;16/08/2024;Sardinha-verdadeira;15.000,00;2
4692763;17/08/2024;Sardinha-verdadeira;28.000,00;2
4692763;17/08/2024;Sardinha-verdadeira;10.000,00;2
4692763;17/08/2024;Sardinha-verdadeira;140.000,00;2
4690075;18/08/2024;Sardinha-verdadeira;32.740,00;2,8
4832475;19/08/2024;Sardinha-verdadeira;15.000,00;2
4692763;19/08/2024;Sardinha-verdadeira;14.000,00;2
4692763;19/08/2024;Sardinha-verdadeira;160.000,00;2,2
4692763;19/08/2024;Sardinha-verdadeira;135.000,00;2,2
4692763;20/08/2024;Sardinha-verdadeira;15.000,00;2
4692763;21/08/2024;Sardinha-verdadeira;210.000,00;2,4
4832475;22/08/2024;Sardinha-verdadeira;11.000,00;2
4692763;22/08/2024;Sardinha-verdadeira;210.000,00;2,2
4690075;23/08/2024;Sardinha-verdadeira;120;2,4
4692763;26/08/2024;Sardinha-verdadeira;220.000,00;2,2
4832475;27/08/2024;Sardinha-verdadeira;45.000,00;2
4692763;27/08/2024;Sardinha-verdadeira;170.000,00;2,2
4690075;27/08/2024;Sardinha-verdadeira;22.000,00;2,5
4832475;29/08/2024;Sardinha-verdadeira;3.000,00;2
4692763;29/08/2024;Sardinha-verdadeira;185.000,00;2,2
4832475;30/08/2024;Sardinha-verdadeira;23.000,00;2
4692763;30/08/2024;Sardinha-verdadeira;140.000,00;2,2
4692763;31/08/2024;Sardinha-verdadeira;145.000,00;2,2
4690075;31/08/2024;Sardinha-verdadeira;150.000,00;2,5
4838868;01/09/2024;Sardinha-verdadeira;10.000,00;2
4775402;01/09/2024;Sardinha-verdadeira;20;2,2
4776776;02/09/2024;Sardinha-verdadeira;195.000,00;2,4
4776776;03/09/2024;Sardinha-verdadeira;200.000,00;2,4
4775402;09/09/2024;Sardinha-verdadeira;125.824,00;2,5
4838868;11/09/2024;Sardinha-verdadeira;35.000,00;2
4776776;11/09/2024;Sardinha-verdadeira;46.000,00;2,7
4776776;11/09/2024;Sardinha-verdadeira;136.000,00;2
4775402;11/09/2024;Sardinha-verdadeira;35.000,00;2,5
4776776;16/09/2024;Sardinha-verdadeira;33.000,00;2
4838868;17/09/2024;Sardinha-verdadeira;45.000,00;2
4776776;17/09/2024;Sardinha-verdadeira;110.000,00;1,83
4776776;17/09/2024;Sardinha-verdadeira;95.000,00;2,03
4838868;18/09/2024;Sardinha-verdadeira;21.000,00;2
4776776;19/09/2024;Sardinha-verdadeira;125.000,00;2,01
4776776;19/09/2024;Sardinha-verdadeira;140.000,00;2,2
4776776;19/09/2024;Sardinha-verdadeira;6.000,00;2
4776776;20/09/2024;Sardinha-verdadeira;120.000,00;2,2
4776776;22/09/2024;Sardinha-verdadeira;23.000,00;1,57
4776776;22/09/2024;Sardinha-verdadeira;54.000,00;1,57
4838868;23/09/2024;Sardinha-verdadeira;10.000,00;2
4776776;23/09/2024;Sardinha-verdadeira;80.000,00;2,2
4776776;23/09/2024;Sardinha-verdadeira;5.000,00;2
4776776;24/09/2024;Sardinha-verdadeira;16.000,00;2
4776776;24/09/2024;Sardinha-verdadeira;95.000,00;2,2
4776776;24/09/2024;Sardinha-verdadeira;15.000,00;2
4776776;25/09/2024;Sardinha-verdadeira;10.000,00;1,8
4776776;25/09/2024;Sardinha-verdadeira;25.000,00;1,73
4776776;25/09/2024;Sardinha-verdadeira;10.000,00;1,8
4838868;26/09/2024;Sardinha-verdadeira;4.000,00;2
4776776;26/09/2024;Sardinha-verdadeira;95.000,00;2,2
4776776;26/09/2024;Sardinha-verdadeira;8.000,00;2
4776776;26/09/2024;Sardinha-verdadeira;44.000,00;2
4776776;26/09/2024;Sardinha-verdadeira;16.000,00;2
4776776;26/09/2024;Sardinha-verdadeira;19.000,00;2
4775402;26/09/2024;Sardinha-verdadeira;4.608,00;1,8
4776776;27/09/2024;Sardinha-verdadeira;110.000,00;2,2
4776776;27/09/2024;Sardinha-verdadeira;120.000,00;2,2
4838868;30/09/2024;Sardinha-verdadeira;3.000,00;2
4776776;30/09/2024;Sardinha-verdadeira;45.000,00;2,4
4776776;30/09/2024;Sardinha-verdadeira;13.000,00;2
4775402;30/09/2024;Sardinha-verdadeira;23.080,00;1,7
4864503;01/10/2024;Sardinha-verdadeira;25.000,00;2
4864503;01/10/2024;Sardinha-verdadeira;4.000,00;2,4
4864503;01/10/2024;Sardinha-verdadeira;18.000,00;2,2
4864503;01/10/2024;Sardinha-verdadeira;4.000,00;2
4864503;01/10/2024;Sardinha-verdadeira;30.000,00;2
4864503;02/10/2024;Sardinha-verdadeira;41.000,00;2,2
5580935;03/03/2025;Sardinha-verdadeira;15.000,00;1,5
5407793;03/03/2025;Sardinha-verdadeira;200.000,00;3,2
5407793;03/03/2025;Sardinha-verdadeira;55.000,00;3
5363187;03/03/2025;Sardinha-verdadeira;48.084,00;3
5407793;04/03/2025;Sardinha-verdadeira;95.000,00;3
5407793;04/03/2025;Sardinha-verdadeira;153.000,00;3
5363187;04/03/2025;Sardinha-verdadeira;148.763,00;3
5407793;05/03/2025;Sardinha-verdadeira;140.000,00;3
5407793;05/03/2025;Sardinha-verdadeira;131.000,00;3
5407793;05/03/2025;Sardinha-verdadeira;180.000,00;3,2
5363187;05/03/2025;Sardinha-verdadeira;143.428,00;3
5580935;06/03/2025;Sardinha-verdadeira;40.000,00;1,5
5407793;06/03/2025;Sardinha-verdadeira;25.000,00;3
5363187;06/03/2025;Sardinha-verdadeira;23.010,00;3
5580935;07/03/2025;Sardinha-verdadeira;43.000,00;1,5
5363187;07/03/2025;Sardinha-verdadeira;13.420,00;3
5580935;08/03/2025;Sardinha-verdadeira;15.000,00;1,5
5407793;08/03/2025;Sardinha-verdadeira;180.000,00;3
5363187;08/03/2025;Sardinha-verdadeira;143.102,00;3
5580935;10/03/2025;Sardinha-verdadeira;49.600,00;1,5
5407793;10/03/2025;Sardinha-verdadeira;170.000,00;3
5363187;10/03/2025;Sardinha-verdadeira;2.440,00;3
5363187;10/03/2025;Sardinha-verdadeira;86.646,00;3
5407793;11/03/2025;Sardinha-verdadeira;150.000,00;3,2
5580935;12/03/2025;Sardinha-verdadeira;50.000,00;1,5
5407793;12/03/2025;Sardinha-verdadeira;220.000,00;3,2
5407793;12/03/2025;Sardinha-verdadeira;209.000,00;3,2
5363187;12/03/2025;Sardinha-verdadeira;155.939,00;3
5363187;13/03/2025;Sardinha-verdadeira;54.840,00;2
5580935;14/03/2025;Sardinha-verdadeira;32.000,00;1,5
5407793;14/03/2025;Sardinha-verdadeira;150.000,00;3
5407793;14/03/2025;Sardinha-verdadeira;145.000,00;3
5363187;14/03/2025;Sardinha-verdadeira;146.000,00;3
5580935;15/03/2025;Sardinha-verdadeira;85.000,00;1,5
5580935;17/03/2025;Sardinha-verdadeira;50.000,00;1,5
5363187;17/03/2025;Sardinha-verdadeira;140.000,00;3
5580935;18/03/2025;Sardinha-verdadeira;60.000,00;1,5
5407793;18/03/2025;Sardinha-verdadeira;220.000,00;3,2
5407793;18/03/2025;Sardinha-verdadeira;160.000,00;3
5407793;18/03/2025;Sardinha-verdadeira;185.000,00;3
5363187;18/03/2025;Sardinha-verdadeira;151.000,00;3
5407793;19/03/2025;Sardinha-verdadeira;180.000,00;3,2
5580935;20/03/2025;Sardinha-verdadeira;50.000,00;1,5
5580935;21/03/2025;Sardinha-verdadeira;18.000,00;1,5
5407793;21/03/2025;Sardinha-verdadeira;225.000,00;3,2
5363187;22/03/2025;Sardinha-verdadeira;150.000,00;3
5407793;24/03/2025;Sardinha-verdadeira;140.000,00;3
5580935;25/03/2025;Sardinha-verdadeira;50.000,00;1,5
5407793;25/03/2025;Sardinha-verdadeira;150.000,00;3
5407793;26/03/2025;Sardinha-verdadeira;220.000,00;3,2
5363187;26/03/2025;Sardinha-verdadeira;148.000,00;3
5407793;27/03/2025;Sardinha-verdadeira;212.000,00;3,2
5580935;28/03/2025;Sardinha-verdadeira;55.000,00;1,5
5407793;28/03/2025;Sardinha-verdadeira;225.000,00;3,2
5363187;28/03/2025;Sardinha-verdadeira;120.000,00;3
5407793;30/03/2025;Sardinha-verdadeira;185.000,00;3
5580935;31/03/2025;Sardinha-verdadeira;75.000,00;1,5
5587870;01/04/2025;Sardinha-verdadeira;130.000,00;3
5555795;01/04/2025;Sardinha-verdadeira;147.000,00;3
5587870;02/04/2025;Sardinha-verdadeira;170.000,00;3
5587870;03/04/2025;Sardinha-verdadeira;220.000,00;3,2
5555795;05/04/2025;Sardinha-verdadeira;150.000,00;2,5
5587870;06/04/2025;Sardinha-verdadeira;220.000,00;3,2
5712909;07/04/2025;Sardinha-verdadeira;65.000,00;2
5555795;08/04/2025;Sardinha-verdadeira;93.000,00;2,5
5587870;09/04/2025;Sardinha-verdadeira;150.000,00;2,5
5587870;09/04/2025;Sardinha-verdadeira;170.000,00;2,5
5712909;12/04/2025;Sardinha-verdadeira;21.000,00;2
5587870;12/04/2025;Sardinha-verdadeira;70.000,00;2,5
5555795;12/04/2025;Sardinha-verdadeira;13.000,00;2,5
5587870;13/04/2025;Sardinha-verdadeira;140.000,00;2,5
5555795;14/04/2025;Sardinha-verdadeira;84.000,00;2,5
5712909;15/04/2025;Sardinha-verdadeira;25.000,00;2
5587870;15/04/2025;Sardinha-verdadeira;170.000,00;2,5
5587870;15/04/2025;Sardinha-verdadeira;65.000,00;2,5
5555795;15/04/2025;Sardinha-verdadeira;65.000,00;2,5
5712909;16/04/2025;Sardinha-verdadeira;16.000,00;2
5587870;16/04/2025;Sardinha-verdadeira;220.000,00;2,7
5587870;17/04/2025;Sardinha-verdadeira;60.000,00;2,5
5555795;17/04/2025;Sardinha-verdadeira;55.000,00;2,5
5555795;17/04/2025;Sardinha-verdadeira;35.000,00;2,5
5587870;18/04/2025;Sardinha-verdadeira;115.000,00;2,5
5587870;22/04/2025;Sardinha-verdadeira;120.000,00;2,7
5587870;23/04/2025;Sardinha-verdadeira;142.000,00;2,7
5798246;03/05/2025;Sardinha-verdadeira;44.000,00;2
5798246;06/05/2025;Sardinha-verdadeira;75.000,00;2
5778473;06/05/2025;Sardinha-verdadeira;160.000,00;2,6
5684493;06/05/2025;Sardinha-verdadeira;148.000,00;2,6
5798246;07/05/2025;Sardinha-verdadeira;40.000,00;2
5778473;07/05/2025;Sardinha-verdadeira;135.000,00;2,6
5778473;08/05/2025;Sardinha-verdadeira;170.000,00;2,6
5684493;08/05/2025;Sardinha-verdadeira;78.810,00;2,6
5798246;09/05/2025;Sardinha-verdadeira;80.000,00;2
5778473;09/05/2025;Sardinha-verdadeira;220.000,00;2,8
5684493;09/05/2025;Sardinha-verdadeira;85.000,00;2,6
5778473;10/05/2025;Sardinha-verdadeira;180.000,00;2,6
5684493;10/05/2025;Sardinha-verdadeira;147.000,00;2,6
5778473;12/05/2025;Sardinha-verdadeira;135.000,00;2,6
5778473;13/05/2025;Sardinha-verdadeira;210.000,00;2,8
5684493;13/05/2025;Sardinha-verdadeira;65.000,00;2,6
5798246;15/05/2025;Sardinha-verdadeira;27.000,00;2
5778473;15/05/2025;Sardinha-verdadeira;200.000,00;2,8
5778473;16/05/2025;Sardinha-verdadeira;100.000,00;2,8
5778473;16/05/2025;Sardinha-verdadeira;55.000,00;2,6
5778473;19/05/2025;Sardinha-verdadeira;10.000,00;2,6
5798246;21/05/2025;Sardinha-verdadeira;20.000,00;2
5684493;21/05/2025;Sardinha-verdadeira;12.000,00;2,6
5778473;23/05/2025;Sardinha-verdadeira;195.000,00;2,8
5778473;24/05/2025;Sardinha-verdadeira;140.000,00;2,6
5684493;24/05/2025;Sardinha-verdadeira;18.000,00;2,6
5778473;26/05/2025;Sardinha-verdadeira;210.000,00;2,8
5798246;27/05/2025;Sardinha-verdadeira;23.000,00;2
5778473;27/05/2025;Sardinha-verdadeira;150.000,00;2,6
5798246;28/05/2025;Sardinha-verdadeira;23.500,00;2
5778473;28/05/2025;Sardinha-verdadeira;100.000,00;2,8
5778473;29/05/2025;Sardinha-verdadeira;65.000,00;2,6
5798246;31/05/2025;Sardinha-verdadeira;15.000,00;2
5778473;31/05/2025;Sardinha-verdadeira;40.000,00;2,6
5778473;31/05/2025;Sardinha-verdadeira;32.000,00;2,6
5684493;31/05/2025;Sardinha-verdadeira;15.000,00;2,6
